ID,Nodes
1,International TV Shows
2, Korean TV Shows
3, Romantic TV Shows
4,Documentaries
5, International Movies
6,Comedies
7, Dramas
8,Dramas
9, Independent Movies
10,Kids' TV
11, Thrillers
12,Crime TV Shows
13, International TV Shows
14, Spanish-Language TV Shows
15,Reality TV
16,Action & Adventure
17, Comedies
18, TV Comedies
19,Docuseries
20,Children & Family Movies
21,Anime Series
22, Stand-Up Comedy & Talk Shows
23,TV Comedies
24, TV Dramas
25, Romantic Movies
26,Stand-Up Comedy
27,Movies
28, TV Mysteries
29,Thrillers
30, Children & Family Movies
31, Classic Movies
32, TV Sci-Fi & Fantasy
33, Sci-Fi & Fantasy
34, Kids' TV
35,TV Dramas
36, Anime Features
37, Docuseries
38, Sports Movies
39, Reality TV
40, TV Action & Adventure
41, Cult Movies
42,Horror Movies
43,Classic Movies
44,Cult Movies
45, Teen TV Shows
46,British TV Shows
47, Music & Musicals
48,Anime Features
49, LGBTQ Movies
50,International Movies
51, Science & Nature TV
52, Horror Movies
53, Faith & Spirituality
54, TV Horror
55,TV Action & Adventure
56, Stand-Up Comedy
57, TV Thrillers
58, Crime TV Shows
59,Sci-Fi & Fantasy
60,TV Horror
61,Classic & Cult TV
62,Stand-Up Comedy & Talk Shows
63,Romantic TV Shows
64,TV Shows
65, Documentaries
66,Romantic Movies
67,Independent Movies
68,Music & Musicals
69,Spanish-Language TV Shows
70, Classic & Cult TV
71,Sports Movies
72,TV Sci-Fi & Fantasy
